frame,yaw,pitch,roll
0,-0.029911,0.0053,0.0
1,-0.041822,0.007562,0.0
2,-0.049296,0.008175,0.0
3,-0.051833,0.008057,0.0
4,-0.053543,0.00816,0.0
5,-0.054485,0.00761,0.0
6,-0.054735,0.006596,0.0
7,-0.053631,0.004331,0.0
8,-0.05124,0.001782,0.0
9,-0.04881,-0.000616,0.0
10,-0.046258,-0.003088,0.0
11,-0.043079,-0.0063,0.0
12,-0.04114,-0.008726,0.0
13,-0.040523,-0.010463,0.0
14,-0.040616,-0.012926,0.0
15,-0.041162,-0.015809,0.0
16,-0.04334,-0.018176,0.0
17,-0.045372,-0.019296,0.0
18,-0.049234,-0.021468,0.0
19,-0.054041,-0.022946,0.0
20,-0.059252,-0.024719,0.0
21,-0.063254,-0.025152,0.0
22,-0.065172,-0.025559,0.0
23,-0.066629,-0.024097,0.0
24,-0.066113,-0.022471,0.0
25,-0.064427,-0.02378,0.0
26,-0.06409,-0.025071,0.0
27,-0.065462,-0.025133,0.0
28,-0.067607,-0.025008,0.0
29,-0.070998,-0.023946,0.0
30,-0.073681,-0.025801,0.0
31,-0.078689,-0.026499,0.0
32,-0.08553,-0.024368,0.0
33,-0.085837,-0.021786,0.0
34,-0.083946,-0.021829,0.0
35,-0.083451,-0.022004,0.0
36,-0.083167,-0.023615,0.0
37,-0.083062,-0.025397,0.0
38,-0.082148,-0.026972,0.0
39,-0.078598,-0.028873,0.0
40,-0.069172,-0.03012,0.0
41,-0.05794,-0.029423,0.0
42,-0.045912,-0.025417,0.0
43,-0.034245,-0.024248,0.0
44,-0.024828,-0.024383,0.0
45,-0.020253,-0.022934,0.0
46,-0.021767,-0.021723,0.0
47,-0.023273,-0.020253,0.0
48,-0.031287,-0.016176,0.0
49,-0.038311,-0.013793,0.0
50,-0.045209,-0.012586,0.0
51,-0.048449,-0.011098,0.0
52,-0.05163,-0.007897,0.0
53,-0.053377,-0.005513,0.0
54,-0.056018,-0.004148,0.0
55,-0.059784,-0.004972,0.0
56,-0.064079,-0.007826,0.0
57,-0.062085,-0.01119,0.0
58,-0.05881,-0.013084,0.0
59,-0.053935,-0.016228,0.0
60,-0.054026,-0.023624,0.0
61,-0.052605,-0.038812,0.0
62,-0.053944,-0.043224,0.0
63,-0.053141,-0.043557,0.0
64,-0.045405,-0.043669,0.0
65,-0.038533,-0.044638,0.0
66,-0.035382,-0.049021,0.0
67,-0.03516,-0.052097,0.0
68,-0.033329,-0.056164,0.0
69,-0.034077,-0.057889,0.0
70,-0.035353,-0.057243,0.0
71,-0.03645,-0.055826,0.0
72,-0.029894,-0.05458,0.0
73,-0.015866,-0.054855,0.0
74,0.00088,-0.057892,0.0
75,0.021971,-0.06214,0.0
76,0.036975,-0.063525,0.0
77,0.045842,-0.06062,0.0
78,0.046133,-0.06027,0.0
79,0.04019,-0.064686,0.0
80,0.034352,-0.069637,0.0
81,0.028241,-0.071591,0.0
82,0.02247,-0.068744,0.0
83,0.016035,-0.064879,0.0
84,0.008236,-0.061664,0.0
85,-0.001224,-0.058721,0.0
86,-0.011349,-0.057767,0.0
87,-0.019985,-0.059799,0.0
88,-0.028144,-0.060066,0.0
89,-0.034058,-0.057966,0.0
90,-0.038464,-0.057776,0.0
91,-0.045992,-0.059636,0.0
92,-0.056678,-0.064291,0.0
93,-0.065158,-0.068893,0.0
94,-0.071938,-0.071066,0.0
95,-0.074391,-0.069015,0.0
96,-0.071964,-0.069136,0.0
97,-0.06319,-0.066242,0.0
98,-0.051307,-0.060125,0.0
99,-0.042342,-0.055944,0.0
100,-0.042712,-0.052174,0.0
101,-0.045865,-0.047136,0.0
102,-0.049071,-0.042289,0.0
103,-0.046189,-0.036552,0.0
104,-0.039571,-0.034066,0.0
105,-0.030079,-0.03425,0.0
106,-0.02269,-0.03409,0.0
107,-0.017486,-0.033688,0.0
108,-0.014055,-0.035238,0.0
109,-0.012293,-0.036648,0.0
110,-0.011051,-0.037792,0.0
111,-0.00933,-0.039238,0.0
112,-0.00766,-0.04035,0.0
113,-0.005085,-0.04307,0.0
114,-0.004754,-0.043095,0.0
115,-0.008523,-0.043025,0.0
116,-0.010965,-0.045169,0.0
117,-0.015135,-0.045665,0.0
118,-0.016921,-0.047617,0.0
119,-0.016376,-0.050476,0.0
120,-0.016693,-0.055257,0.0
121,-0.015714,-0.061378,0.0
122,-0.014961,-0.063736,0.0
123,-0.015668,-0.063998,0.0
124,-0.018659,-0.067511,0.0
125,-0.022921,-0.070809,0.0
126,-0.029697,-0.072759,0.0
127,-0.034081,-0.077529,0.0
128,-0.03891,-0.07663,0.0
129,-0.044272,-0.069379,0.0
130,-0.044395,-0.070277,0.0
131,-0.042979,-0.067842,0.0
132,-0.039145,-0.064165,0.0
133,-0.034431,-0.062199,0.0
134,-0.02849,-0.060875,0.0
135,-0.023108,-0.060391,0.0
136,-0.018453,-0.059054,0.0
137,-0.015614,-0.057395,0.0
138,-0.012715,-0.057076,0.0
139,-0.012654,-0.05521,0.0
140,-0.014355,-0.054497,0.0
141,-0.016414,-0.054299,0.0
142,-0.018097,-0.053821,0.0
143,-0.018369,-0.053531,0.0
144,-0.017911,-0.053036,0.0
145,-0.017077,-0.05305,0.0
146,-0.014875,-0.054942,0.0
147,-0.011435,-0.056736,0.0
148,-0.007019,-0.058206,0.0
149,-0.000499,-0.060312,0.0
150,0.007124,-0.062954,0.0
151,0.01451,-0.066031,0.0
152,0.020247,-0.066554,0.0
153,0.022104,-0.066416,0.0
154,0.023723,-0.067023,0.0
155,0.024028,-0.067443,0.0
156,0.023177,-0.068083,0.0
157,0.020748,-0.069015,0.0
158,0.018791,-0.069516,0.0
159,0.016438,-0.069034,0.0
160,0.013693,-0.067247,0.0
161,0.010465,-0.064931,0.0
162,0.005162,-0.060092,0.0
163,-0.000951,-0.054961,0.0
164,-0.006739,-0.051159,0.0
165,-0.014384,-0.047196,0.0
166,-0.02317,-0.042877,0.0
167,-0.032333,-0.039644,0.0
168,-0.040134,-0.03786,0.0
169,-0.045703,-0.036712,0.0
170,-0.050192,-0.035311,0.0
171,-0.053374,-0.033732,0.0
172,-0.056044,-0.032775,0.0
173,-0.05793,-0.03106,0.0
174,-0.058034,-0.029807,0.0
175,-0.05719,-0.029547,0.0
176,-0.056782,-0.02923,0.0
177,-0.056474,-0.028968,0.0
178,-0.056311,-0.028886,0.0
179,-0.05586,-0.030706,0.0
180,-0.054423,-0.032547,0.0
181,-0.051488,-0.034352,0.0
182,-0.047789,-0.036633,0.0
183,-0.044381,-0.03869,0.0
184,-0.041265,-0.0386,0.0
185,-0.036853,-0.038688,0.0
186,-0.032601,-0.038428,0.0
187,-0.028091,-0.037654,0.0
188,-0.023716,-0.037662,0.0
189,-0.020219,-0.038237,0.0
190,-0.016574,-0.03814,0.0
191,-0.013697,-0.038412,0.0
192,-0.011827,-0.038682,0.0
193,-0.012301,-0.041074,0.0
194,-0.015258,-0.046024,0.0
195,-0.017593,-0.052037,0.0
196,-0.017538,-0.054576,0.0
197,-0.015706,-0.05656,0.0
198,-0.010399,-0.059729,0.0
199,-0.005001,-0.06323,0.0
200,0.000686,-0.065141,0.0
201,0.005759,-0.065014,0.0
202,0.011227,-0.063977,0.0
203,0.019284,-0.063022,0.0
204,0.027019,-0.061403,0.0
205,0.034303,-0.059203,0.0
206,0.040877,-0.059383,0.0
207,0.046374,-0.060057,0.0
208,0.050775,-0.06041,0.0
209,0.051553,-0.060484,0.0
210,0.050733,-0.061036,0.0
211,0.049638,-0.06033,0.0
212,0.043109,-0.057002,0.0
213,0.030987,-0.052702,0.0
214,0.015627,-0.049556,0.0
215,-0.003157,-0.046192,0.0
216,-0.024534,-0.04327,0.0
217,-0.045663,-0.040015,0.0
218,-0.065181,-0.036884,0.0
219,-0.083034,-0.032144,0.0
220,-0.100535,-0.025752,0.0
221,-0.11367,-0.021987,0.0
222,-0.12351,-0.019621,0.0
223,-0.132471,-0.019247,0.0
224,-0.139735,-0.02301,0.0
225,-0.147089,-0.028115,0.0
226,-0.152854,-0.034199,0.0
227,-0.154486,-0.03828,0.0
228,-0.15136,-0.041025,0.0
229,-0.144758,-0.041122,0.0
230,-0.136892,-0.03947,0.0
231,-0.129564,-0.03975,0.0
232,-0.124044,-0.040696,0.0
233,-0.121969,-0.043053,0.0
234,-0.121896,-0.045058,0.0
235,-0.121625,-0.046563,0.0
236,-0.120587,-0.048342,0.0
237,-0.119599,-0.049085,0.0
238,-0.119544,-0.050533,0.0
239,-0.118745,-0.052275,0.0
240,-0.117347,-0.053654,0.0
241,-0.11586,-0.054829,0.0
242,-0.113475,-0.05645,0.0
243,-0.10947,-0.058458,0.0
244,-0.103795,-0.060523,0.0
245,-0.095589,-0.062146,0.0
246,-0.087762,-0.062649,0.0
247,-0.078668,-0.062634,0.0
248,-0.068792,-0.06152,0.0
249,-0.058041,-0.060257,0.0
250,-0.04898,-0.058602,0.0
251,-0.040187,-0.058673,0.0
252,-0.033084,-0.058016,0.0
253,-0.028484,-0.057307,0.0
254,-0.0246,-0.056608,0.0
255,-0.02194,-0.056259,0.0
256,-0.019246,-0.055943,0.0
257,-0.017573,-0.055027,0.0
258,-0.018267,-0.055196,0.0
259,-0.018797,-0.055576,0.0
260,-0.020001,-0.056376,0.0
261,-0.020371,-0.057304,0.0
262,-0.019908,-0.057852,0.0
263,-0.018719,-0.058241,0.0
264,-0.016771,-0.058898,0.0
265,-0.015173,-0.059673,0.0
266,-0.013228,-0.060102,0.0
267,-0.012753,-0.059022,0.0
268,-0.012945,-0.057834,0.0
269,-0.01487,-0.055601,0.0
270,-0.017989,-0.05461,0.0
271,-0.023337,-0.053393,0.0
272,-0.028167,-0.05135,0.0
273,-0.030989,-0.050505,0.0
274,-0.03252,-0.049075,0.0
275,-0.034762,-0.047534,0.0
276,-0.037379,-0.045885,0.0
277,-0.038997,-0.04525,0.0
278,-0.039362,-0.044213,0.0
279,-0.039522,-0.043463,0.0
280,-0.039348,-0.044317,0.0
281,-0.036746,-0.046383,0.0
282,-0.031952,-0.050153,0.0
283,-0.022533,-0.054409,0.0
284,-0.00653,-0.054382,0.0
285,0.014482,-0.054693,0.0
286,0.043593,-0.053808,0.0
287,0.0771,-0.052887,0.0
288,0.112156,-0.051958,0.0
289,0.144758,-0.050918,0.0
290,0.17228,-0.04975,0.0
291,0.1915,-0.049153,0.0
292,0.201577,-0.051998,0.0
293,0.201205,-0.05863,0.0
294,0.188567,-0.067681,0.0
295,0.16436,-0.076852,0.0
296,0.129954,-0.086868,0.0
297,0.087189,-0.097578,0.0
298,0.041053,-0.108514,0.0
299,-0.003225,-0.117259,0.0
300,-0.047157,-0.125935,0.0
301,-0.085694,-0.133748,0.0
302,-0.117183,-0.139681,0.0
303,-0.144283,-0.143773,0.0
304,-0.163957,-0.143981,0.0
305,-0.179834,-0.138456,0.0
306,-0.191363,-0.131279,0.0
307,-0.200525,-0.124809,0.0
308,-0.210386,-0.118625,0.0
309,-0.219389,-0.113321,0.0
310,-0.228153,-0.109918,0.0
311,-0.235935,-0.105971,0.0
312,-0.242531,-0.101311,0.0
313,-0.249737,-0.094971,0.0
314,-0.257237,-0.089155,0.0
315,-0.265847,-0.083374,0.0
316,-0.271354,-0.081908,0.0
317,-0.274174,-0.082376,0.0
318,-0.271167,-0.083552,0.0
319,-0.262433,-0.085203,0.0
320,-0.250149,-0.085677,0.0
321,-0.234116,-0.086465,0.0
322,-0.213851,-0.085755,0.0
323,-0.18975,-0.085703,0.0
324,-0.164282,-0.083977,0.0
325,-0.138116,-0.082022,0.0
326,-0.110372,-0.080035,0.0
327,-0.079655,-0.075614,0.0
328,-0.045921,-0.069346,0.0
329,-0.015542,-0.064138,0.0
330,0.008461,-0.058901,0.0
331,0.022646,-0.053669,0.0
332,0.029883,-0.049085,0.0
333,0.038437,-0.04202,0.0
334,0.047558,-0.032915,0.0
335,0.058836,-0.02647,0.0
336,0.073194,-0.020833,0.0
337,0.092563,-0.016311,0.0
338,0.113568,-0.011787,0.0
339,0.136615,-0.005362,0.0
340,0.160634,-0.000826,0.0
341,0.185336,0.002544,0.0
342,0.20773,0.003885,0.0
343,0.222181,0.001552,0.0
344,0.226916,-0.002792,0.0
345,0.218672,-0.008058,0.0
346,0.198753,-0.02007,0.0
347,0.165715,-0.036583,0.0
348,0.125401,-0.056556,0.0
349,0.081014,-0.076942,0.0
350,0.040117,-0.094572,0.0
351,-0.002196,-0.110569,0.0
352,-0.044219,-0.124523,0.0
353,-0.084174,-0.137892,0.0
354,-0.122817,-0.14783,0.0
355,-0.157886,-0.155366,0.0
356,-0.188222,-0.162248,0.0
357,-0.218456,-0.165556,0.0
358,-0.24791,-0.16672,0.0
359,-0.2765,-0.163052,0.0
360,-0.303138,-0.152426,0.0
361,-0.329492,-0.133336,0.0
362,-0.351297,-0.109925,0.0
363,-0.366506,-0.083825,0.0
364,-0.374064,-0.056737,0.0
365,-0.374217,-0.029007,0.0
366,-0.365154,-0.004131,0.0
367,-0.350461,0.015036,0.0
368,-0.331452,0.031575,0.0
369,-0.312275,0.042618,0.0
370,-0.29395,0.04826,0.0
371,-0.274826,0.05082,0.0
372,-0.256574,0.05089,0.0
373,-0.237482,0.049387,0.0
374,-0.218317,0.043362,0.0
375,-0.19912,0.03984,0.0
376,-0.182351,0.035538,0.0
377,-0.169808,0.032545,0.0
378,-0.162459,0.031977,0.0
379,-0.157444,0.032785,0.0
380,-0.153956,0.035229,0.0
381,-0.151589,0.039197,0.0
382,-0.150367,0.041625,0.0
383,-0.149599,0.04147,0.0
384,-0.147657,0.042307,0.0
385,-0.146722,0.041685,0.0
386,-0.146316,0.040592,0.0
387,-0.146626,0.037595,0.0
388,-0.146409,0.031619,0.0
389,-0.144992,0.021826,0.0
390,-0.138667,0.010564,0.0
391,-0.13073,-0.000593,0.0
392,-0.123645,-0.009517,0.0
393,-0.118233,-0.014402,0.0
394,-0.115293,-0.01579,0.0
395,-0.112509,-0.016,0.0
396,-0.110997,-0.015716,0.0
397,-0.110292,-0.012908,0.0
398,-0.110054,-0.010755,0.0
399,-0.108807,-0.008961,0.0
400,-0.106921,-0.00574,0.0
401,-0.105112,-0.00302,0.0
402,-0.100445,0.000678,0.0
403,-0.08837,0.006371,0.0
404,-0.073699,0.013959,0.0
405,-0.057214,0.021206,0.0
406,-0.043492,0.024037,0.0
407,-0.038102,0.021735,0.0
408,-0.037556,0.016734,0.0
409,-0.041539,0.012059,0.0
410,-0.046202,0.0078,0.0
411,-0.052095,0.005381,0.0
412,-0.059264,0.004397,0.0
413,-0.066606,0.002741,0.0
414,-0.073868,-0.000435,0.0
415,-0.080163,-0.004169,0.0
416,-0.08411,-0.008105,0.0
417,-0.08729,-0.013206,0.0
418,-0.090302,-0.019917,0.0
419,-0.095823,-0.027575,0.0
420,-0.101997,-0.034213,0.0
421,-0.106067,-0.039648,0.0
422,-0.110197,-0.04244,0.0
423,-0.11622,-0.045239,0.0
424,-0.124452,-0.048422,0.0
425,-0.131171,-0.047969,0.0
426,-0.135546,-0.046479,0.0
427,-0.141144,-0.044035,0.0
428,-0.146048,-0.041044,0.0
429,-0.151261,-0.03895,0.0
430,-0.156779,-0.037762,0.0
431,-0.1611,-0.037027,0.0
432,-0.16244,-0.035467,0.0
433,-0.16261,-0.034003,0.0
434,-0.162274,-0.032811,0.0
435,-0.161961,-0.032329,0.0
436,-0.162793,-0.031794,0.0
437,-0.164151,-0.031286,0.0
438,-0.16503,-0.030849,0.0
439,-0.166726,-0.03007,0.0
440,-0.169677,-0.030907,0.0
441,-0.170622,-0.032448,0.0
442,-0.173338,-0.033488,0.0
443,-0.176259,-0.033153,0.0
444,-0.178529,-0.033792,0.0
445,-0.18156,-0.035411,0.0
446,-0.184819,-0.03742,0.0
447,-0.187187,-0.039729,0.0
448,-0.188353,-0.041661,0.0
449,-0.187875,-0.044311,0.0
450,-0.187898,-0.044364,0.0
451,-0.188524,-0.044717,0.0
452,-0.188865,-0.0465,0.0
453,-0.188711,-0.047685,0.0
454,-0.187102,-0.048572,0.0
455,-0.184658,-0.048277,0.0
456,-0.182293,-0.047581,0.0
457,-0.181308,-0.046024,0.0
458,-0.181173,-0.045718,0.0
459,-0.179643,-0.046202,0.0
460,-0.178528,-0.04556,0.0
461,-0.177096,-0.045808,0.0
462,-0.1744,-0.045425,0.0
463,-0.171064,-0.045833,0.0
464,-0.165904,-0.045381,0.0
465,-0.162359,-0.046685,0.0
466,-0.159563,-0.048007,0.0
467,-0.155194,-0.049996,0.0
468,-0.152173,-0.052722,0.0
469,-0.152282,-0.056759,0.0
470,-0.155809,-0.064296,0.0
471,-0.160958,-0.070429,0.0
472,-0.168487,-0.07628,0.0
473,-0.173286,-0.080439,0.0
474,-0.178572,-0.081817,0.0
475,-0.18572,-0.083221,0.0
476,-0.193348,-0.084058,0.0
477,-0.203142,-0.086321,0.0
478,-0.212551,-0.08958,0.0
479,-0.22321,-0.09238,0.0
480,-0.236216,-0.094437,0.0
481,-0.251346,-0.096925,0.0
482,-0.268308,-0.100638,0.0
483,-0.288538,-0.103699,0.0
484,-0.308246,-0.108545,0.0
485,-0.328861,-0.112158,0.0
486,-0.352888,-0.116442,0.0
487,-0.376277,-0.121291,0.0
488,-0.403447,-0.124492,0.0
489,-0.433554,-0.128517,0.0
490,-0.464563,-0.132197,0.0
491,-0.498856,-0.13651,0.0
492,-0.534264,-0.142554,0.0
493,-0.571495,-0.148184,0.0
494,-0.611145,-0.153414,0.0
495,-0.653912,-0.15778,0.0
496,-0.697966,-0.163874,0.0
497,-0.742129,-0.167649,0.0
498,-0.78378,-0.170053,0.0
499,-0.822626,-0.173723,0.0
500,-0.862925,-0.176575,0.0
501,-0.904526,-0.181391,0.0
502,-0.942089,-0.188379,0.0
503,-0.975464,-0.193573,0.0
504,-1.0048,-0.198059,0.0
505,-1.032945,-0.200549,0.0
506,-1.067532,-0.20392,0.0
507,-1.102538,-0.206244,0.0
508,-1.13858,-0.206874,0.0
509,-1.175252,-0.209756,0.0
510,-1.213535,-0.212598,0.0
511,-1.250553,-0.215282,0.0
512,-1.293345,-0.218376,0.0
513,-1.341134,-0.223769,0.0
514,-1.39025,-0.229177,0.0
515,-1.437359,-0.234426,0.0
516,-1.481118,-0.237894,0.0
517,-1.520398,-0.240072,0.0
518,-1.553779,-0.24252,0.0
519,-1.580629,-0.244411,0.0
520,-1.603361,-0.244901,0.0
521,-1.622875,-0.244576,0.0
522,-1.641929,-0.244198,0.0
523,-1.66151,-0.243735,0.0
524,-1.684,-0.242277,0.0
525,-1.708061,-0.240091,0.0
526,-1.733118,-0.238627,0.0
527,-1.758218,-0.237312,0.0
528,-1.779525,-0.236381,0.0
529,-1.791129,-0.234343,0.0
530,-1.788791,-0.229828,0.0
531,-1.770174,-0.221889,0.0
532,-1.733567,-0.21646,0.0
533,-1.687284,-0.207697,0.0
534,-1.645182,-0.19635,0.0
535,-1.600984,-0.189789,0.0
536,-1.5545,-0.18674,0.0
537,-1.508917,-0.183909,0.0
538,-1.467041,-0.178871,0.0
539,-1.430943,-0.173567,0.0
540,-1.399759,-0.167707,0.0
541,-1.381755,-0.162917,0.0
542,-1.374917,-0.161142,0.0
543,-1.380878,-0.159876,0.0
544,-1.404091,-0.15962,0.0
545,-1.441629,-0.160479,0.0
546,-1.49022,-0.16055,0.0
547,-1.54484,-0.160822,0.0
548,-1.597789,-0.162398,0.0
549,-1.64945,-0.167249,0.0
550,-1.695642,-0.171292,0.0
551,-1.735585,-0.177232,0.0
552,-1.767579,-0.180634,0.0
553,-1.79119,-0.180869,0.0
554,-1.805104,-0.181709,0.0
555,-1.814437,-0.182624,0.0
556,-1.819277,-0.183154,0.0
557,-1.820529,-0.180933,0.0
558,-1.81586,-0.174485,0.0
559,-1.808485,-0.170063,0.0
560,-1.798216,-0.167104,0.0
561,-1.783352,-0.163707,0.0
562,-1.768555,-0.159007,0.0
563,-1.759095,-0.153194,0.0
564,-1.757549,-0.150663,0.0
565,-1.761931,-0.149923,0.0
566,-1.766293,-0.147905,0.0
567,-1.767689,-0.146444,0.0
568,-1.758073,-0.141062,0.0
569,-1.739662,-0.134026,0.0
570,-1.716328,-0.127305,0.0
571,-1.681847,-0.120139,0.0
572,-1.644031,-0.113926,0.0
573,-1.59923,-0.106414,0.0
574,-1.551731,-0.099264,0.0
575,-1.495997,-0.092079,0.0
576,-1.433428,-0.085226,0.0
577,-1.367207,-0.079108,0.0
578,-1.2938,-0.073339,0.0
579,-1.21805,-0.070477,0.0
580,-1.143075,-0.07148,0.0
581,-1.06542,-0.076494,0.0
582,-0.992359,-0.083914,0.0
583,-0.920541,-0.091785,0.0
584,-0.848925,-0.100217,0.0
585,-0.780161,-0.106711,0.0
586,-0.718073,-0.109045,0.0
587,-0.664607,-0.108581,0.0
588,-0.616561,-0.10702,0.0
589,-0.574797,-0.105554,0.0
590,-0.533915,-0.10308,0.0
591,-0.494364,-0.098845,0.0
592,-0.45554,-0.093109,0.0
593,-0.414345,-0.086789,0.0
594,-0.37122,-0.079008,0.0
595,-0.321995,-0.071399,0.0
596,-0.27322,-0.064847,0.0
597,-0.224944,-0.056581,0.0
598,-0.177856,-0.048678,0.0
599,-0.133355,-0.041938,0.0
600,-0.09543,-0.036889,0.0
601,-0.060683,-0.035889,0.0
602,-0.035647,-0.034696,0.0
603,-0.018199,-0.031052,0.0
604,-0.009095,-0.026151,0.0
605,-0.005004,-0.022912,0.0
606,-0.002352,-0.02149,0.0
607,0.001262,-0.020027,0.0
608,0.006948,-0.018547,0.0
609,0.014816,-0.017466,0.0
610,0.02379,-0.016578,0.0
611,0.034602,-0.01704,0.0
612,0.04432,-0.019281,0.0
613,0.049934,-0.020927,0.0
614,0.04687,-0.019346,0.0
615,0.036746,-0.015171,0.0
616,0.017802,-0.009968,0.0
617,-0.0109,-0.003698,0.0
618,-0.047198,0.006577,0.0
619,-0.094114,0.017003,0.0
620,-0.148735,0.025961,0.0
621,-0.195688,0.036071,0.0
622,-0.232976,0.047458,0.0
623,-0.26097,0.057008,0.0
624,-0.279071,0.059981,0.0
625,-0.2856,0.055906,0.0
626,-0.280035,0.046278,0.0
627,-0.263474,0.033134,0.0
628,-0.244707,0.019477,0.0
629,-0.228113,0.0077,0.0
630,-0.20494,-0.006829,0.0
631,-0.229877,0.006339,0.0
632,-0.168874,-0.026783,0.0
633,-0.145723,-0.036255,0.0
634,-0.114647,-0.044181,0.0
635,-0.078987,-0.050141,0.0
636,-0.037011,-0.055641,0.0
637,0.008966,-0.058545,0.0
638,0.062271,-0.060339,0.0
639,0.125225,-0.063839,0.0
640,0.194764,-0.068452,0.0
641,0.270247,-0.073873,0.0
642,0.33294,-0.07996,0.0
643,0.389827,-0.082308,0.0
644,0.437696,-0.080572,0.0
645,0.47435,-0.077789,0.0
646,0.506925,-0.075647,0.0
647,0.529602,-0.072943,0.0
648,0.546516,-0.071169,0.0
649,0.560235,-0.069832,0.0
650,0.574216,-0.070038,0.0
651,0.591839,-0.070403,0.0
652,0.609936,-0.070352,0.0
653,0.628797,-0.071301,0.0
654,0.645294,-0.072154,0.0
655,0.658085,-0.073194,0.0
656,0.665915,-0.075846,0.0
657,0.670999,-0.077369,0.0
658,0.669292,-0.077522,0.0
659,0.665801,-0.078042,0.0
660,0.650899,-0.079448,0.0
661,0.633975,-0.081341,0.0
662,0.612158,-0.081459,0.0
663,0.587404,-0.079094,0.0
664,0.561359,-0.075401,0.0
665,0.533874,-0.072614,0.0
666,0.502283,-0.072918,0.0
667,0.475508,-0.072431,0.0
668,0.449695,-0.070965,0.0
669,0.427131,-0.06937,0.0
670,0.408001,-0.067433,0.0
671,0.390931,-0.065889,0.0
672,0.375385,-0.062518,0.0
673,0.359057,-0.058113,0.0
674,0.340779,-0.054455,0.0
675,0.321061,-0.050779,0.0
676,0.301035,-0.047505,0.0
677,0.280157,-0.045446,0.0
678,0.258555,-0.043182,0.0
679,0.23732,-0.042722,0.0
680,0.214313,-0.042774,0.0
681,0.19359,-0.043856,0.0
682,0.174275,-0.045053,0.0
683,0.159568,-0.047437,0.0
684,0.145264,-0.049719,0.0
685,0.131615,-0.051533,0.0
686,0.117527,-0.053671,0.0
687,0.103705,-0.055114,0.0
688,0.090504,-0.056383,0.0
689,0.076392,-0.057525,0.0
690,0.060029,-0.057987,0.0
691,0.040108,-0.0585,0.0
692,0.015858,-0.058495,0.0
693,-0.009706,-0.058533,0.0
694,-0.039192,-0.058849,0.0
695,-0.07231,-0.059701,0.0
696,-0.102869,-0.060781,0.0
697,-0.134317,-0.062464,0.0
698,-0.163012,-0.063977,0.0
699,-0.187429,-0.066459,0.0
700,-0.207151,-0.06782,0.0
701,-0.223843,-0.069339,0.0
702,-0.238965,-0.070094,0.0
703,-0.254232,-0.07075,0.0
704,-0.271697,-0.0716,0.0
705,-0.291757,-0.071534,0.0
706,-0.315829,-0.07122,0.0
707,-0.344686,-0.071015,0.0
708,-0.375738,-0.070988,0.0
709,-0.410801,-0.071377,0.0
710,-0.451241,-0.073856,0.0
711,-0.498604,-0.078996,0.0
712,-0.55304,-0.088594,0.0
713,-0.61917,-0.09838,0.0
714,-0.693618,-0.113591,0.0
715,-0.760243,-0.127299,0.0
716,-0.824315,-0.136763,0.0
717,-0.88427,-0.144455,0.0
718,-0.937303,-0.153612,0.0
719,-0.983525,-0.162494,0.0
720,-1.024535,-0.16747,0.0
721,-1.055635,-0.170106,0.0
722,-1.075244,-0.168543,0.0
723,-1.086151,-0.165265,0.0
724,-1.08898,-0.161585,0.0
725,-1.08553,-0.158476,0.0
726,-1.077778,-0.155029,0.0
727,-1.067521,-0.150437,0.0
728,-1.058517,-0.145273,0.0
729,-1.053329,-0.140337,0.0
730,-1.054802,-0.136827,0.0
731,-1.06229,-0.134828,0.0
732,-1.074903,-0.132635,0.0
733,-1.090561,-0.131802,0.0
734,-1.10411,-0.1316,0.0
735,-1.117455,-0.132351,0.0
736,-1.132195,-0.135483,0.0
737,-1.144646,-0.139141,0.0
738,-1.155861,-0.142377,0.0
739,-1.16472,-0.144821,0.0
740,-1.169605,-0.145799,0.0
741,-1.168052,-0.145422,0.0
742,-1.163262,-0.144592,0.0
743,-1.146128,-0.141815,0.0
744,-1.121959,-0.139503,0.0
745,-1.091176,-0.139763,0.0
746,-1.059438,-0.139274,0.0
747,-1.021405,-0.137182,0.0
748,-0.972893,-0.134997,0.0
749,-0.927889,-0.133155,0.0
750,-0.874963,-0.13361,0.0
751,-0.82732,-0.134241,0.0
752,-0.782496,-0.134478,0.0
753,-0.744401,-0.133473,0.0
754,-0.706896,-0.131935,0.0
755,-0.67343,-0.131299,0.0
756,-0.640249,-0.128981,0.0
757,-0.608172,-0.125243,0.0
758,-0.574909,-0.121356,0.0
759,-0.539439,-0.117883,0.0
760,-0.500951,-0.114246,0.0
761,-0.461729,-0.112088,0.0
762,-0.42095,-0.109846,0.0
763,-0.380828,-0.108199,0.0
764,-0.342224,-0.107233,0.0
765,-0.307187,-0.105735,0.0
766,-0.278224,-0.104122,0.0
767,-0.252823,-0.101308,0.0
768,-0.226151,-0.096053,0.0
769,-0.200175,-0.091379,0.0
770,-0.17252,-0.087967,0.0
771,-0.141234,-0.083515,0.0
772,-0.104309,-0.07815,0.0
773,-0.063224,-0.073047,0.0
774,-0.015158,-0.072259,0.0
775,0.031609,-0.071438,0.0
776,0.074171,-0.070815,0.0
777,0.113729,-0.070041,0.0
778,0.150027,-0.068916,0.0
779,0.183916,-0.067785,0.0
780,0.214871,-0.066503,0.0
781,0.246776,-0.065689,0.0
782,0.281008,-0.065091,0.0
783,0.314001,-0.064656,0.0
784,0.36188,-0.063422,0.0
785,0.384267,-0.063395,0.0
786,0.407441,-0.063533,0.0
787,0.446301,-0.064004,0.0
788,0.469097,-0.063631,0.0
789,0.488652,-0.064142,0.0
790,0.501434,-0.065122,0.0
791,0.510548,-0.065175,0.0
792,0.519196,-0.064176,0.0
793,0.530663,-0.064087,0.0
794,0.542815,-0.066107,0.0
795,0.565017,-0.067646,0.0
796,0.590594,-0.070009,0.0
797,0.618892,-0.073524,0.0
798,0.649158,-0.076483,0.0
799,0.67949,-0.077013,0.0
800,0.705927,-0.076126,0.0
801,0.729205,-0.074808,0.0
802,0.748138,-0.073037,0.0
803,0.765629,-0.070739,0.0
804,0.785726,-0.069167,0.0
805,0.812408,-0.065987,0.0
806,0.840397,-0.060748,0.0
807,0.868746,-0.057186,0.0
808,0.904582,-0.051719,0.0
809,0.948437,-0.046561,0.0
810,0.998098,-0.044157,0.0
811,1.044185,-0.041806,0.0
812,1.087914,-0.038487,0.0
813,1.128531,-0.034643,0.0
814,1.162458,-0.027451,0.0
815,1.191603,-0.018285,0.0
816,1.217626,-0.013536,0.0
817,1.242462,-0.008732,0.0
818,1.265676,-0.004831,0.0
819,1.286787,-0.001583,0.0
820,1.302511,0.000173,0.0
821,1.315711,-0.001643,0.0
822,1.325642,-0.006092,0.0
823,1.332215,-0.009266,0.0
824,1.334539,-0.008273,0.0
825,1.336276,-0.008555,0.0
826,1.3385,-0.009232,0.0
827,1.339541,-0.009337,0.0
828,1.33983,-0.008552,0.0
829,1.339826,-0.007926,0.0
830,1.337815,-0.0075,0.0
831,1.32914,-0.008171,0.0
832,1.315823,-0.011019,0.0
833,1.296107,-0.015784,0.0
834,1.262769,-0.022767,0.0
835,1.21359,-0.031107,0.0
836,1.150923,-0.041633,0.0
837,1.077398,-0.053149,0.0
838,0.990303,-0.064684,0.0
839,0.896081,-0.076746,0.0
840,0.799077,-0.088418,0.0
841,0.705771,-0.096364,0.0
842,0.617604,-0.097714,0.0
843,0.547166,-0.097565,0.0
844,0.481781,-0.096449,0.0
845,0.426069,-0.096276,0.0
846,0.383272,-0.098938,0.0
847,0.35087,-0.101218,0.0
848,0.325852,-0.102522,0.0
849,0.307703,-0.102217,0.0
850,0.293953,-0.101646,0.0
851,0.281061,-0.101094,0.0
852,0.268511,-0.101651,0.0
853,0.256153,-0.102224,0.0
854,0.243628,-0.102538,0.0
855,0.230719,-0.101849,0.0
856,0.215333,-0.101164,0.0
857,0.198098,-0.101091,0.0
858,0.17872,-0.100896,0.0
859,0.157278,-0.101223,0.0
860,0.135143,-0.10099,0.0
861,0.109836,-0.099779,0.0
862,0.078876,-0.098605,0.0
863,0.044618,-0.09655,0.0
864,0.008063,-0.096316,0.0
865,-0.029034,-0.095605,0.0
866,-0.065312,-0.095959,0.0
867,-0.095203,-0.096115,0.0
868,-0.118293,-0.095816,0.0
869,-0.134958,-0.093519,0.0
870,-0.146358,-0.088965,0.0
871,-0.159027,-0.085075,0.0
872,-0.171558,-0.083874,0.0
873,-0.184712,-0.082568,0.0
874,-0.20491,-0.084389,0.0
875,-0.225591,-0.083521,0.0
876,-0.248166,-0.081057,0.0
877,-0.272055,-0.080674,0.0
878,-0.298859,-0.080595,0.0
879,-0.326417,-0.079771,0.0
880,-0.356477,-0.07904,0.0
881,-0.388773,-0.078155,0.0
882,-0.422786,-0.079233,0.0
883,-0.461073,-0.079324,0.0
884,-0.507484,-0.080851,0.0
885,-0.538614,-0.083169,0.0
886,-0.588319,-0.084586,0.0
887,-0.622032,-0.087055,0.0
888,-0.65588,-0.092124,0.0
889,-0.690646,-0.096822,0.0
890,-0.725902,-0.102965,0.0
891,-0.758295,-0.108203,0.0
892,-0.789515,-0.11159,0.0
893,-0.818158,-0.11428,0.0
894,-0.842041,-0.115077,0.0
895,-0.866599,-0.114907,0.0
896,-0.88799,-0.116597,0.0
897,-0.908181,-0.117203,0.0
898,-0.925208,-0.115768,0.0
899,-0.941092,-0.113084,0.0
900,-0.952872,-0.1112,0.0
901,-0.958373,-0.110085,0.0
902,-0.956528,-0.10905,0.0
903,-0.952017,-0.108158,0.0
904,-0.940907,-0.106867,0.0
905,-0.92644,-0.104445,0.0
906,-0.90974,-0.099318,0.0
907,-0.890234,-0.093702,0.0
908,-0.873352,-0.089735,0.0
909,-0.862159,-0.089054,0.0
910,-0.856465,-0.089717,0.0
911,-0.857065,-0.091306,0.0
912,-0.863504,-0.091479,0.0
913,-0.873824,-0.091464,0.0
914,-0.886542,-0.091314,0.0
915,-0.901101,-0.091373,0.0
916,-0.916097,-0.091179,0.0
917,-0.930632,-0.091368,0.0
918,-0.944217,-0.091954,0.0
919,-0.95628,-0.092371,0.0
920,-0.965662,-0.092143,0.0
921,-0.97322,-0.091449,0.0
922,-0.979628,-0.091352,0.0
923,-0.982198,-0.09104,0.0
924,-0.985965,-0.090662,0.0
925,-0.990254,-0.08976,0.0
926,-0.995179,-0.088657,0.0
927,-1.000451,-0.087239,0.0
928,-1.005426,-0.085686,0.0
929,-1.011138,-0.084037,0.0
930,-1.014403,-0.082236,0.0
931,-1.015094,-0.081186,0.0
932,-1.015067,-0.08032,0.0
933,-1.012228,-0.079747,0.0
934,-1.003949,-0.078964,0.0
935,-0.993331,-0.077819,0.0
936,-0.979157,-0.07625,0.0
937,-0.960788,-0.075198,0.0
938,-0.9405,-0.075187,0.0
939,-0.919356,-0.074279,0.0
940,-0.89888,-0.071929,0.0
941,-0.879415,-0.069752,0.0
942,-0.861301,-0.065676,0.0
943,-0.844499,-0.063566,0.0
944,-0.831749,-0.06299,0.0
945,-0.824633,-0.061789,0.0
946,-0.826627,-0.062238,0.0
947,-0.829452,-0.061998,0.0
948,-0.836548,-0.059098,0.0
949,-0.84514,-0.055587,0.0
950,-0.848998,-0.053261,0.0
951,-0.847918,-0.052226,0.0
952,-0.842834,-0.052538,0.0
953,-0.831237,-0.054007,0.0
954,-0.817798,-0.056348,0.0
955,-0.803265,-0.058118,0.0
956,-0.788064,-0.058636,0.0
957,-0.773152,-0.059346,0.0
958,-0.757939,-0.05972,0.0
959,-0.742605,-0.061054,0.0
960,-0.726692,-0.062155,0.0
961,-0.712,-0.063949,0.0
962,-0.697086,-0.065841,0.0
963,-0.682297,-0.067678,0.0
964,-0.666821,-0.069268,0.0
965,-0.649919,-0.071113,0.0
966,-0.630146,-0.072018,0.0
967,-0.607539,-0.072989,0.0
968,-0.583259,-0.074776,0.0
969,-0.555751,-0.076901,0.0
970,-0.525027,-0.079555,0.0
971,-0.491442,-0.081162,0.0
972,-0.458538,-0.082613,0.0
973,-0.430051,-0.084284,0.0
974,-0.403197,-0.086101,0.0
975,-0.380477,-0.086071,0.0
976,-0.359468,-0.084195,0.0
977,-0.341744,-0.081859,0.0
978,-0.32245,-0.078543,0.0
979,-0.30386,-0.075445,0.0
980,-0.283947,-0.07329,0.0
981,-0.263698,-0.07151,0.0
982,-0.241899,-0.069717,0.0
983,-0.219494,-0.069053,0.0
984,-0.197453,-0.068521,0.0
985,-0.17768,-0.067575,0.0
986,-0.16015,-0.066413,0.0
987,-0.145693,-0.065211,0.0
988,-0.133788,-0.064957,0.0
989,-0.122532,-0.063644,0.0
990,-0.113605,-0.062602,0.0
991,-0.104628,-0.061924,0.0
992,-0.094231,-0.061838,0.0
993,-0.082478,-0.06224,0.0
994,-0.069386,-0.063024,0.0
995,-0.056901,-0.064603,0.0
996,-0.042767,-0.065416,0.0
997,-0.029799,-0.065304,0.0
998,-0.018029,-0.065451,0.0
999,-0.00605,-0.068194,0.0
1000,0.002631,-0.071093,0.0
1001,0.008628,-0.072648,0.0
1002,0.013365,-0.073649,0.0
1003,0.019322,-0.076097,0.0
1004,0.026846,-0.078825,0.0
1005,0.035122,-0.080943,0.0
1006,0.0433,-0.081545,0.0
1007,0.054238,-0.08291,0.0
1008,0.065724,-0.08456,0.0
1009,0.075875,-0.08716,0.0
1010,0.085685,-0.090031,0.0
1011,0.096883,-0.09292,0.0
1012,0.111469,-0.094954,0.0
1013,0.13059,-0.096889,0.0
1014,0.151265,-0.098845,0.0
1015,0.173508,-0.101023,0.0
1016,0.200344,-0.103894,0.0
1017,0.230859,-0.107574,0.0
1018,0.264526,-0.112399,0.0
1019,0.297981,-0.117297,0.0
1020,0.334834,-0.12186,0.0
1021,0.371524,-0.124616,0.0
1022,0.407283,-0.125759,0.0
1023,0.439437,-0.125365,0.0
1024,0.467714,-0.123883,0.0
1025,0.49181,-0.120977,0.0
1026,0.511754,-0.117199,0.0
1027,0.525955,-0.111657,0.0
1028,0.535527,-0.106272,0.0
1029,0.541889,-0.102037,0.0
1030,0.548071,-0.0983,0.0
1031,0.554488,-0.095525,0.0
1032,0.561837,-0.092096,0.0
1033,0.57147,-0.089353,0.0
1034,0.58077,-0.086726,0.0
1035,0.592361,-0.085885,0.0
1036,0.607014,-0.087944,0.0
1037,0.622003,-0.088461,0.0
1038,0.633702,-0.08627,0.0
1039,0.641539,-0.08298,0.0
1040,0.645939,-0.078909,0.0
1041,0.652306,-0.075437,0.0
1042,0.661213,-0.072088,0.0
1043,0.67234,-0.068855,0.0
1044,0.685928,-0.063367,0.0
1045,0.695163,-0.055602,0.0
1046,0.699646,-0.04823,0.0
1047,0.700322,-0.042178,0.0
1048,0.701345,-0.036653,0.0
1049,0.699731,-0.031824,0.0
1050,0.692644,-0.027326,0.0
1051,0.680183,-0.026409,0.0
1052,0.659341,-0.02826,0.0
1053,0.63095,-0.034412,0.0
1054,0.591484,-0.044641,0.0
1055,0.541917,-0.057151,0.0
1056,0.489492,-0.068236,0.0
1057,0.438637,-0.078161,0.0
1058,0.390742,-0.086432,0.0
1059,0.350131,-0.09204,0.0
1060,0.317928,-0.094816,0.0
1061,0.288876,-0.095747,0.0
1062,0.266298,-0.093772,0.0
1063,0.246695,-0.091932,0.0
1064,0.226073,-0.090868,0.0
1065,0.203292,-0.090562,0.0
1066,0.177922,-0.092108,0.0
1067,0.151482,-0.094028,0.0
1068,0.125366,-0.094146,0.0
1069,0.097415,-0.09349,0.0
1070,0.069067,-0.094371,0.0
1071,0.040363,-0.095078,0.0
1072,0.013142,-0.094225,0.0
1073,-0.014031,-0.094224,0.0
1074,-0.038255,-0.094699,0.0
1075,-0.062531,-0.095524,0.0
1076,-0.084151,-0.095414,0.0
1077,-0.102056,-0.094952,0.0
1078,-0.120574,-0.094001,0.0
1079,-0.137752,-0.092347,0.0
1080,-0.157398,-0.091002,0.0
1081,-0.178452,-0.089575,0.0
1082,-0.202135,-0.087728,0.0
1083,-0.227978,-0.086223,0.0
1084,-0.254648,-0.085679,0.0
1085,-0.281818,-0.084767,0.0
1086,-0.311305,-0.083549,0.0
1087,-0.343427,-0.082673,0.0
1088,-0.373118,-0.081909,0.0
1089,-0.403506,-0.08225,0.0
1090,-0.43536,-0.08236,0.0
1091,-0.46877,-0.083068,0.0
1092,-0.50303,-0.083877,0.0
1093,-0.538908,-0.084737,0.0
1094,-0.57488,-0.08609,0.0
1095,-0.610062,-0.088346,0.0
1096,-0.641004,-0.090052,0.0
1097,-0.663735,-0.08983,0.0
1098,-0.681465,-0.088528,0.0
1099,-0.691999,-0.086373,0.0
1100,-0.696434,-0.083887,0.0
1101,-0.693604,-0.083018,0.0
1102,-0.689525,-0.081578,0.0
1103,-0.675295,-0.07782,0.0
1104,-0.660178,-0.074418,0.0
1105,-0.643728,-0.071801,0.0
1106,-0.624227,-0.069071,0.0
1107,-0.604209,-0.067387,0.0
1108,-0.587577,-0.066068,0.0
1109,-0.574193,-0.066059,0.0
1110,-0.563146,-0.066566,0.0
1111,-0.555528,-0.066379,0.0
1112,-0.550704,-0.067198,0.0
1113,-0.545271,-0.067462,0.0
1114,-0.540286,-0.068111,0.0
1115,-0.530012,-0.067015,0.0
1116,-0.511939,-0.064818,0.0
1117,-0.490883,-0.06408,0.0
1118,-0.465709,-0.065631,0.0
1119,-0.439563,-0.068703,0.0
1120,-0.410725,-0.070945,0.0
1121,-0.382634,-0.073219,0.0
1122,-0.354574,-0.073704,0.0
1123,-0.331565,-0.072903,0.0
1124,-0.30842,-0.071216,0.0
1125,-0.286999,-0.069573,0.0
1126,-0.265009,-0.066418,0.0
1127,-0.244201,-0.062433,0.0
1128,-0.219397,-0.058363,0.0
1129,-0.191432,-0.053533,0.0
1130,-0.164115,-0.048535,0.0
1131,-0.140995,-0.045425,0.0
1132,-0.119439,-0.041898,0.0
1133,-0.10181,-0.039337,0.0
1134,-0.088183,-0.037098,0.0
1135,-0.076802,-0.034579,0.0
1136,-0.066382,-0.030972,0.0
1137,-0.059572,-0.027943,0.0
1138,-0.052074,-0.024607,0.0
1139,-0.044352,-0.022137,0.0
1140,-0.036745,-0.019914,0.0
1141,-0.027895,-0.018101,0.0
1142,-0.019151,-0.017226,0.0
1143,-0.009682,-0.016548,0.0
1144,0.001252,-0.015947,0.0
1145,0.011751,-0.014973,0.0
1146,0.022699,-0.01301,0.0
1147,0.032632,-0.011319,0.0
1148,0.04238,-0.00969,0.0
1149,0.050826,-0.008106,0.0
1150,0.052213,-0.007526,0.0
1151,0.05218,-0.0072,0.0
1152,0.053689,-0.005719,0.0
1153,0.055903,-0.003863,0.0
1154,0.057625,-0.003092,0.0
1155,0.059694,-0.002302,0.0
1156,0.062511,-0.002049,0.0
1157,0.064966,-0.002485,0.0
1158,0.067056,-0.003987,0.0
1159,0.067426,-0.006387,0.0
1160,0.062282,-0.011285,0.0
1161,0.050296,-0.015971,0.0
1162,0.036107,-0.020398,0.0
1163,0.017435,-0.022487,0.0
1164,-0.004724,-0.022019,0.0
1165,-0.031725,-0.022326,0.0
1166,-0.061847,-0.023745,0.0
1167,-0.094798,-0.028608,0.0
1168,-0.127806,-0.034146,0.0
1169,-0.161755,-0.038106,0.0
1170,-0.198762,-0.042344,0.0
1171,-0.236793,-0.047056,0.0
1172,-0.273781,-0.053522,0.0
1173,-0.308254,-0.058924,0.0
1174,-0.337701,-0.063482,0.0
1175,-0.363298,-0.067473,0.0
1176,-0.38389,-0.070239,0.0
1177,-0.400354,-0.072077,0.0
1178,-0.411706,-0.07383,0.0
1179,-0.420391,-0.075463,0.0
1180,-0.428416,-0.076085,0.0
1181,-0.43469,-0.076707,0.0
1182,-0.441694,-0.077212,0.0
1183,-0.449112,-0.077976,0.0
1184,-0.456951,-0.077761,0.0
1185,-0.4633,-0.076515,0.0
1186,-0.4682,-0.075558,0.0
1187,-0.469141,-0.074816,0.0
1188,-0.467343,-0.073464,0.0
1189,-0.455245,-0.06854,0.0
1190,-0.436563,-0.065014,0.0
1191,-0.40844,-0.064129,0.0
1192,-0.378588,-0.064812,0.0
1193,-0.352591,-0.06503,0.0
1194,-0.331942,-0.064067,0.0
1195,-0.315267,-0.062054,0.0
1196,-0.301728,-0.061739,0.0
1197,-0.292202,-0.063335,0.0
1198,-0.288105,-0.065835,0.0
1199,-0.289808,-0.066926,0.0
1200,-0.293471,-0.068122,0.0
1201,-0.305185,-0.070568,0.0
1202,-0.320845,-0.07298,0.0
1203,-0.339843,-0.07425,0.0
1204,-0.362235,-0.074793,0.0
1205,-0.392271,-0.075887,0.0
1206,-0.424883,-0.076607,0.0
1207,-0.457415,-0.077167,0.0
1208,-0.489985,-0.076726,0.0
1209,-0.52158,-0.07695,0.0
1210,-0.550363,-0.076831,0.0
1211,-0.576452,-0.075848,0.0
1212,-0.597737,-0.07373,0.0
1213,-0.615064,-0.071473,0.0
1214,-0.627994,-0.069396,0.0
1215,-0.635847,-0.067937,0.0
1216,-0.640001,-0.068404,0.0
1217,-0.639064,-0.067936,0.0
1218,-0.638535,-0.067528,0.0
1219,-0.637392,-0.066658,0.0
1220,-0.635996,-0.066413,0.0
1221,-0.634506,-0.066968,0.0
1222,-0.633515,-0.067689,0.0
1223,-0.633064,-0.068487,0.0
1224,-0.632744,-0.069628,0.0
1225,-0.632545,-0.071435,0.0
1226,-0.632156,-0.074434,0.0
1227,-0.630847,-0.078095,0.0
1228,-0.627953,-0.081787,0.0
1229,-0.622513,-0.085261,0.0
1230,-0.614992,-0.088828,0.0
1231,-0.607533,-0.091763,0.0
1232,-0.598457,-0.094142,0.0
1233,-0.589346,-0.095348,0.0
1234,-0.579727,-0.096468,0.0
1235,-0.569586,-0.098052,0.0
1236,-0.559322,-0.099263,0.0
1237,-0.548411,-0.099596,0.0
1238,-0.538337,-0.10036,0.0
1239,-0.528392,-0.10021,0.0
1240,-0.517351,-0.100233,0.0
1241,-0.506319,-0.099358,0.0
1242,-0.496004,-0.09891,0.0
1243,-0.485067,-0.097426,0.0
1244,-0.475859,-0.095485,0.0
1245,-0.468365,-0.093432,0.0
1246,-0.463057,-0.090075,0.0
1247,-0.456791,-0.086869,0.0
1248,-0.448906,-0.084008,0.0
1249,-0.43756,-0.080681,0.0
1250,-0.422468,-0.077725,0.0
1251,-0.405783,-0.075823,0.0
1252,-0.385994,-0.074738,0.0
1253,-0.364183,-0.074109,0.0
1254,-0.342502,-0.073142,0.0
1255,-0.320272,-0.072398,0.0
1256,-0.300946,-0.071691,0.0
1257,-0.281643,-0.071144,0.0
1258,-0.263687,-0.070928,0.0
1259,-0.24736,-0.070784,0.0
1260,-0.229131,-0.06973,0.0
1261,-0.211334,-0.068876,0.0
1262,-0.191369,-0.068347,0.0
1263,-0.169229,-0.068458,0.0
1264,-0.146928,-0.069454,0.0
1265,-0.120418,-0.070421,0.0
1266,-0.095403,-0.070784,0.0
1267,-0.069786,-0.071142,0.0
1268,-0.04408,-0.071811,0.0
1269,-0.01817,-0.072276,0.0
1270,0.006206,-0.072232,0.0
1271,0.03269,-0.07145,0.0
1272,0.057359,-0.070522,0.0
1273,0.081263,-0.070216,0.0
1274,0.105838,-0.069069,0.0
1275,0.129531,-0.067673,0.0
1276,0.154237,-0.066621,0.0
1277,0.179286,-0.066661,0.0
1278,0.204756,-0.066289,0.0
1279,0.232378,-0.065016,0.0
1280,0.258741,-0.064761,0.0
1281,0.28692,-0.065044,0.0
1282,0.315781,-0.064409,0.0
1283,0.346372,-0.064243,0.0
1284,0.378298,-0.065091,0.0
1285,0.415255,-0.066604,0.0
1286,0.460608,-0.067787,0.0
1287,0.507396,-0.067714,0.0
1288,0.558628,-0.068234,0.0
1289,0.612836,-0.069723,0.0
1290,0.671996,-0.071712,0.0
1291,0.733029,-0.073513,0.0
1292,0.791513,-0.075323,0.0
1293,0.850859,-0.077629,0.0
1294,0.90445,-0.079465,0.0
1295,0.96397,-0.081383,0.0
1296,1.007865,-0.083951,0.0
1297,1.053405,-0.081664,0.0
1298,1.112954,-0.083763,0.0
1299,1.177337,-0.079589,0.0
1300,1.235561,-0.077399,0.0
1301,1.293313,-0.079233,0.0
1302,1.352874,-0.079982,0.0
1303,1.414091,-0.079991,0.0
1304,1.471828,-0.079714,0.0
1305,1.526817,-0.079349,0.0
1306,1.577038,-0.080057,0.0
1307,1.624793,-0.082772,0.0
1308,1.66632,-0.085117,0.0
1309,1.701916,-0.085807,0.0
1310,1.73486,-0.089406,0.0
1311,1.764928,-0.091009,0.0
1312,1.794843,-0.094529,0.0
1313,1.82454,-0.097076,0.0
1314,1.85103,-0.100109,0.0
1315,1.877185,-0.101466,0.0
1316,1.900529,-0.100886,0.0
1317,1.919794,-0.101832,0.0
1318,1.938819,-0.102085,0.0
1319,1.960078,-0.101751,0.0
1320,1.980362,-0.102864,0.0
1321,1.998587,-0.105551,0.0
1322,2.015919,-0.110517,0.0
1323,2.03107,-0.114722,0.0
1324,2.041444,-0.118935,0.0
1325,2.047908,-0.123282,0.0
1326,2.048398,-0.129624,0.0
1327,2.04355,-0.13393,0.0
1328,2.037587,-0.137515,0.0
1329,2.03052,-0.138019,0.0
1330,2.021662,-0.137823,0.0
1331,2.014287,-0.134343,0.0
1332,2.007336,-0.128847,0.0
1333,1.999815,-0.122765,0.0
1334,1.990822,-0.117945,0.0
1335,1.980231,-0.113771,0.0
1336,1.966874,-0.108761,0.0
1337,1.945005,-0.098701,0.0
1338,1.909675,-0.085771,0.0
1339,1.855631,-0.078306,0.0
1340,1.800563,-0.0762,0.0
1341,1.739927,-0.073603,0.0
1342,1.679385,-0.071494,0.0
1343,1.624552,-0.069326,0.0
1344,1.572967,-0.069747,0.0
1345,1.533299,-0.064761,0.0
1346,1.498324,-0.06067,0.0
1347,1.469814,-0.057701,0.0
1348,1.432977,-0.053865,0.0
1349,1.403284,-0.051606,0.0
1350,1.361245,-0.046128,0.0
1351,1.344858,-0.042605,0.0
1352,1.319295,-0.038277,0.0
1353,1.301411,-0.033869,0.0
1354,1.284463,-0.030099,0.0
1355,1.266509,-0.028562,0.0
1356,1.251404,-0.028809,0.0
1357,1.238707,-0.02956,0.0
1358,1.232292,-0.030479,0.0
1359,1.228219,-0.029745,0.0
1360,1.226719,-0.0293,0.0
1361,1.225341,-0.029799,0.0
1362,1.223812,-0.030511,0.0
1363,1.222032,-0.031881,0.0
1364,1.220286,-0.033264,0.0
1365,1.219741,-0.035113,0.0
1366,1.221804,-0.038036,0.0
1367,1.231652,-0.043629,0.0
1368,1.240765,-0.048002,0.0
1369,1.249552,-0.050869,0.0
1370,1.258936,-0.053374,0.0
1371,1.268146,-0.05609,0.0
1372,1.275979,-0.057499,0.0
1373,1.282582,-0.058027,0.0
1374,1.288657,-0.058806,0.0
1375,1.294835,-0.05893,0.0
1376,1.298944,-0.059198,0.0
1377,1.306008,-0.062371,0.0
1378,1.317274,-0.062761,0.0
1379,1.326693,-0.057082,0.0
1380,1.334822,-0.053862,0.0
1381,1.347178,-0.053748,0.0
1382,1.358627,-0.05453,0.0
1383,1.367654,-0.055559,0.0
1384,1.372278,-0.055768,0.0
1385,1.374931,-0.055697,0.0
1386,1.380941,-0.054674,0.0
1387,1.389547,-0.053575,0.0
1388,1.400641,-0.052733,0.0
1389,1.415024,-0.051885,0.0
1390,1.430339,-0.050066,0.0
1391,1.446883,-0.049491,0.0
1392,1.463199,-0.050097,0.0
1393,1.480787,-0.050712,0.0
1394,1.496698,-0.050687,0.0
1395,1.513932,-0.051859,0.0
1396,1.529819,-0.053423,0.0
1397,1.54703,-0.053954,0.0
1398,1.564617,-0.054383,0.0
1399,1.582805,-0.056428,0.0
1400,1.602997,-0.056687,0.0
1401,1.62461,-0.05608,0.0
1402,1.647875,-0.057147,0.0
1403,1.670128,-0.05749,0.0
1404,1.693165,-0.058971,0.0
1405,1.717417,-0.060535,0.0
1406,1.74218,-0.062938,0.0
1407,1.767246,-0.065275,0.0
1408,1.791438,-0.066753,0.0
1409,1.814703,-0.068399,0.0
1410,1.833828,-0.069685,0.0
1411,1.859371,-0.071029,0.0
1412,1.880925,-0.071929,0.0
1413,1.900363,-0.072583,0.0
1414,1.916986,-0.073249,0.0
1415,1.932141,-0.072335,0.0
1416,1.946313,-0.072066,0.0
1417,1.957583,-0.071509,0.0
1418,1.96682,-0.069297,0.0
1419,1.972654,-0.067079,0.0
1420,1.975481,-0.06513,0.0
1421,1.975254,-0.063188,0.0
1422,1.977328,-0.062759,0.0
1423,1.986383,-0.061208,0.0
1424,2.000843,-0.062161,0.0
1425,2.017137,-0.062266,0.0
1426,2.032189,-0.063685,0.0
1427,2.043981,-0.064631,0.0
1428,2.048313,-0.064882,0.0
1429,2.044782,-0.065047,0.0
1430,2.040043,-0.06616,0.0
1431,2.026529,-0.066833,0.0
1432,2.011804,-0.068766,0.0
1433,1.994993,-0.068836,0.0
1434,1.977398,-0.067856,0.0
1435,1.960794,-0.070558,0.0
1436,1.944024,-0.072048,0.0
1437,1.928668,-0.070517,0.0
1438,1.91776,-0.069821,0.0
1439,1.904538,-0.069452,0.0
1440,1.887726,-0.06902,0.0
1441,1.867355,-0.068597,0.0
1442,1.845927,-0.068494,0.0
1443,1.823454,-0.067176,0.0
1444,1.803171,-0.067036,0.0
1445,1.784777,-0.066714,0.0
1446,1.767786,-0.066455,0.0
1447,1.750779,-0.06732,0.0
1448,1.732813,-0.068312,0.0
1449,1.713528,-0.070196,0.0
1450,1.692101,-0.071539,0.0
1451,1.669367,-0.0727,0.0
1452,1.641396,-0.071073,0.0
1453,1.60751,-0.070378,0.0
1454,1.569132,-0.072629,0.0
1455,1.518997,-0.071614,0.0
1456,1.461015,-0.073723,0.0
1457,1.397575,-0.079459,0.0
1458,1.337205,-0.08291,0.0
1459,1.274321,-0.084403,0.0
1460,1.219613,-0.081663,0.0
1461,1.17186,-0.076993,0.0
1462,1.127642,-0.069439,0.0
1463,1.086966,-0.062914,0.0
1464,1.04404,-0.058561,0.0
1465,1.000338,-0.05407,0.0
1466,0.955176,-0.049676,0.0
1467,0.908638,-0.043809,0.0
1468,0.864458,-0.038359,0.0
1469,0.824558,-0.033185,0.0
1470,0.779867,-0.029634,0.0
1471,0.732103,-0.027569,0.0
1472,0.683066,-0.029238,0.0
1473,0.634313,-0.032684,0.0
1474,0.584883,-0.035194,0.0
1475,0.533458,-0.036712,0.0
1476,0.480094,-0.040287,0.0
1477,0.427992,-0.04744,0.0
1478,0.378367,-0.052737,0.0
1479,0.326031,-0.057657,0.0
1480,0.274994,-0.062271,0.0
1481,0.220821,-0.065045,0.0
1482,0.165118,-0.067634,0.0
1483,0.112102,-0.070546,0.0
1484,0.056211,-0.07433,0.0
1485,0.005429,-0.077958,0.0
1486,-0.04539,-0.079959,0.0
1487,-0.09057,-0.080868,0.0
1488,-0.127153,-0.082019,0.0
1489,-0.159118,-0.083521,0.0
1490,-0.183212,-0.084929,0.0
1491,-0.200931,-0.085816,0.0
1492,-0.214553,-0.085087,0.0
1493,-0.22701,-0.083534,0.0
1494,-0.239626,-0.082252,0.0
1495,-0.250024,-0.081096,0.0
1496,-0.256686,-0.079015,0.0
1497,-0.260423,-0.076724,0.0
1498,-0.257418,-0.075735,0.0
1499,-0.253828,-0.073616,0.0
1500,-0.24501,-0.071366,0.0
1501,-0.234455,-0.070584,0.0
1502,-0.222724,-0.072789,0.0
1503,-0.209325,-0.078408,0.0
1504,-0.196226,-0.082953,0.0
1505,-0.187784,-0.085165,0.0
1506,-0.176252,-0.085473,0.0
1507,-0.1627,-0.08561,0.0
1508,-0.143137,-0.085819,0.0
1509,-0.117895,-0.087498,0.0
1510,-0.08401,-0.090177,0.0
1511,-0.039852,-0.094005,0.0
1512,0.009785,-0.099734,0.0
1513,0.06757,-0.104891,0.0
1514,0.115094,-0.108009,0.0
1515,0.155309,-0.112844,0.0
1516,0.186399,-0.118321,0.0
1517,0.20434,-0.122844,0.0
1518,0.211946,-0.127838,0.0
1519,0.210873,-0.130855,0.0
1520,0.202402,-0.131247,0.0
1521,0.185248,-0.130841,0.0
1522,0.161376,-0.128536,0.0
1523,0.130322,-0.12573,0.0
1524,0.090365,-0.124776,0.0
1525,0.043044,-0.126308,0.0
1526,-0.01521,-0.127596,0.0
1527,-0.080877,-0.126771,0.0
1528,-0.151514,-0.125198,0.0
1529,-0.221145,-0.124138,0.0
1530,-0.294662,-0.125793,0.0
1531,-0.3663,-0.130039,0.0
1532,-0.436778,-0.138122,0.0
1533,-0.499648,-0.151332,0.0
1534,-0.564412,-0.169011,0.0
1535,-0.627336,-0.183596,0.0
1536,-0.678534,-0.199942,0.0
1537,-0.717958,-0.210877,0.0
1538,-0.750994,-0.218578,0.0
1539,-0.78494,-0.224664,0.0
1540,-0.819428,-0.231194,0.0
1541,-0.854655,-0.236252,0.0
1542,-0.890358,-0.239479,0.0
1543,-0.924687,-0.241926,0.0
1544,-0.960985,-0.243385,0.0
1545,-0.995204,-0.241848,0.0
1546,-1.029127,-0.240615,0.0
1547,-1.062988,-0.238225,0.0
1548,-1.095145,-0.236428,0.0
1549,-1.126099,-0.233141,0.0
1550,-1.154188,-0.229635,0.0
1551,-1.179249,-0.225496,0.0
1552,-1.20557,-0.221602,0.0
1553,-1.228147,-0.218464,0.0
1554,-1.250068,-0.215093,0.0
1555,-1.271628,-0.212614,0.0
1556,-1.29158,-0.210328,0.0
1557,-1.312805,-0.206469,0.0
1558,-1.334816,-0.204819,0.0
1559,-1.355394,-0.203164,0.0
1560,-1.372843,-0.201249,0.0
1561,-1.388485,-0.199951,0.0
1562,-1.404424,-0.199704,0.0
1563,-1.419597,-0.200063,0.0
1564,-1.434646,-0.201706,0.0
1565,-1.448581,-0.202681,0.0
1566,-1.465045,-0.203118,0.0
1567,-1.47793,-0.203876,0.0
1568,-1.490909,-0.202873,0.0
1569,-1.503871,-0.202913,0.0
1570,-1.51687,-0.202683,0.0
1571,-1.533577,-0.201427,0.0
1572,-1.551879,-0.201212,0.0
1573,-1.570017,-0.199533,0.0
1574,-1.586933,-0.198543,0.0
1575,-1.603014,-0.196875,0.0
1576,-1.617277,-0.195833,0.0
1577,-1.629986,-0.195687,0.0
1578,-1.641859,-0.195313,0.0
1579,-1.651355,-0.195421,0.0
1580,-1.663823,-0.19552,0.0
1581,-1.676386,-0.196843,0.0
1582,-1.686683,-0.197477,0.0
1583,-1.695075,-0.197035,0.0
1584,-1.700721,-0.196122,0.0
1585,-1.706995,-0.195004,0.0
1586,-1.711537,-0.193837,0.0
1587,-1.713904,-0.193142,0.0
1588,-1.714979,-0.193174,0.0
1589,-1.715508,-0.192502,0.0
1590,-1.715379,-0.191903,0.0
1591,-1.714257,-0.190804,0.0
1592,-1.713379,-0.189839,0.0
1593,-1.712327,-0.189275,0.0
1594,-1.709838,-0.188592,0.0
1595,-1.703585,-0.188063,0.0
1596,-1.693951,-0.18783,0.0
1597,-1.681894,-0.189155,0.0
1598,-1.666454,-0.188918,0.0
1599,-1.64955,-0.186909,0.0
1600,-1.631439,-0.185958,0.0
1601,-1.616992,-0.184845,0.0
1602,-1.605344,-0.186132,0.0
1603,-1.595849,-0.187625,0.0
1604,-1.591331,-0.189503,0.0
1605,-1.589527,-0.190459,0.0
1606,-1.586458,-0.191665,0.0
1607,-1.580435,-0.192159,0.0
1608,-1.569936,-0.193159,0.0
1609,-1.558397,-0.193825,0.0
1610,-1.545909,-0.193854,0.0
1611,-1.533075,-0.193624,0.0
1612,-1.521701,-0.192351,0.0
1613,-1.51163,-0.190775,0.0
1614,-1.502789,-0.18879,0.0
1615,-1.496605,-0.186514,0.0
1616,-1.493938,-0.185097,0.0
1617,-1.490512,-0.183664,0.0
1618,-1.48644,-0.182458,0.0
1619,-1.482182,-0.181996,0.0
1620,-1.478074,-0.181239,0.0
1621,-1.475197,-0.180758,0.0
1622,-1.474122,-0.181155,0.0
1623,-1.473115,-0.18132,0.0
1624,-1.471367,-0.181297,0.0
1625,-1.467359,-0.18108,0.0
1626,-1.462531,-0.179976,0.0
1627,-1.456591,-0.179227,0.0
1628,-1.449979,-0.177912,0.0
1629,-1.443393,-0.177436,0.0
1630,-1.435359,-0.177057,0.0
1631,-1.426691,-0.176337,0.0
1632,-1.418755,-0.176568,0.0
1633,-1.411114,-0.176081,0.0
1634,-1.402665,-0.175587,0.0
1635,-1.394454,-0.175458,0.0
1636,-1.381258,-0.174809,0.0
1637,-1.358379,-0.173897,0.0
1638,-1.335061,-0.170863,0.0
1639,-1.312995,-0.170139,0.0
1640,-1.288021,-0.16882,0.0
1641,-1.262079,-0.166641,0.0
1642,-1.233634,-0.163903,0.0
1643,-1.204679,-0.162204,0.0
1644,-1.177121,-0.162726,0.0
1645,-1.152176,-0.164358,0.0
1646,-1.130207,-0.165838,0.0
1647,-1.111809,-0.168093,0.0
1648,-1.093593,-0.170415,0.0
1649,-1.077584,-0.172442,0.0
1650,-1.060552,-0.172747,0.0
1651,-1.04256,-0.174143,0.0
1652,-1.024256,-0.175261,0.0
1653,-1.005881,-0.175594,0.0
1654,-0.986648,-0.176096,0.0
1655,-0.968768,-0.175966,0.0
1656,-0.949641,-0.175296,0.0
1657,-0.930445,-0.174431,0.0
1658,-0.91021,-0.173448,0.0
1659,-0.888071,-0.171993,0.0
1660,-0.861778,-0.170292,0.0
1661,-0.833247,-0.168006,0.0
1662,-0.80202,-0.16544,0.0
1663,-0.764308,-0.16266,0.0
1664,-0.722855,-0.160754,0.0
1665,-0.675997,-0.157028,0.0
1666,-0.630015,-0.151755,0.0
1667,-0.588169,-0.142591,0.0
1668,-0.548309,-0.129296,0.0
1669,-0.510938,-0.119009,0.0
1670,-0.475824,-0.113214,0.0
1671,-0.446982,-0.109038,0.0
1672,-0.419822,-0.107551,0.0
1673,-0.395908,-0.107025,0.0
1674,-0.372864,-0.106782,0.0
1675,-0.350769,-0.107511,0.0
1676,-0.329827,-0.108026,0.0
1677,-0.309303,-0.108705,0.0
1678,-0.289093,-0.108821,0.0
1679,-0.27113,-0.10794,0.0
1680,-0.25326,-0.107161,0.0
1681,-0.236201,-0.105713,0.0
1682,-0.219198,-0.103862,0.0
1683,-0.203923,-0.101602,0.0
1684,-0.18824,-0.099363,0.0
1685,-0.173353,-0.098279,0.0
1686,-0.157793,-0.097004,0.0
1687,-0.14351,-0.095807,0.0
1688,-0.130589,-0.095898,0.0
1689,-0.118545,-0.095157,0.0
1690,-0.108891,-0.093464,0.0
1691,-0.100317,-0.092036,0.0
1692,-0.093625,-0.090449,0.0
1693,-0.086737,-0.088528,0.0
1694,-0.079305,-0.08655,0.0
1695,-0.071819,-0.08623,0.0
1696,-0.062937,-0.085329,0.0
1697,-0.052747,-0.083589,0.0
1698,-0.04363,-0.080999,0.0
1699,-0.035711,-0.078885,0.0
1700,-0.02897,-0.078553,0.0
1701,-0.022497,-0.080292,0.0
1702,-0.017016,-0.081115,0.0
1703,-0.012697,-0.081606,0.0
1704,-0.010965,-0.081655,0.0
1705,-0.010493,-0.08169,0.0
1706,-0.010531,-0.08244,0.0
1707,-0.011806,-0.084972,0.0
1708,-0.01162,-0.087701,0.0
1709,-0.010052,-0.090137,0.0
1710,-0.009389,-0.091277,0.0
1711,-0.011196,-0.091703,0.0
1712,-0.021797,-0.091341,0.0
1713,-0.037105,-0.091682,0.0
1714,-0.056687,-0.092317,0.0
1715,-0.078738,-0.093312,0.0
1716,-0.104238,-0.094051,0.0
1717,-0.1306,-0.093712,0.0
1718,-0.157071,-0.094627,0.0
1719,-0.184297,-0.09609,0.0
1720,-0.208579,-0.096903,0.0
1721,-0.230128,-0.096659,0.0
1722,-0.24885,-0.094967,0.0
1723,-0.265127,-0.092651,0.0
1724,-0.277272,-0.090138,0.0
1725,-0.288941,-0.088584,0.0
1726,-0.299153,-0.087987,0.0
1727,-0.304745,-0.08873,0.0
1728,-0.304082,-0.087508,0.0
1729,-0.304804,-0.087376,0.0
1730,-0.304758,-0.088044,0.0
1731,-0.302077,-0.089425,0.0
1732,-0.295531,-0.091385,0.0
1733,-0.286266,-0.092657,0.0
1734,-0.279288,-0.093542,0.0
1735,-0.27186,-0.094448,0.0
1736,-0.265769,-0.096117,0.0
1737,-0.263562,-0.098069,0.0
1738,-0.262762,-0.099784,0.0
1739,-0.263032,-0.101565,0.0
1740,-0.265072,-0.103158,0.0
1741,-0.268153,-0.104474,0.0
1742,-0.27385,-0.105958,0.0
1743,-0.279843,-0.107194,0.0
1744,-0.285604,-0.108751,0.0
1745,-0.288728,-0.109029,0.0
1746,-0.290539,-0.109943,0.0
1747,-0.29196,-0.110156,0.0
1748,-0.292349,-0.110489,0.0
1749,-0.291797,-0.110983,0.0
1750,-0.289954,-0.11152,0.0
1751,-0.28759,-0.112017,0.0
1752,-0.286342,-0.112444,0.0
1753,-0.285097,-0.113156,0.0
1754,-0.284808,-0.113767,0.0
1755,-0.285124,-0.114279,0.0
1756,-0.286439,-0.114955,0.0
1757,-0.289555,-0.115736,0.0
1758,-0.293535,-0.11592,0.0
1759,-0.299205,-0.116428,0.0
1760,-0.30387,-0.116763,0.0
1761,-0.309385,-0.117269,0.0
1762,-0.314616,-0.117914,0.0
1763,-0.319115,-0.118507,0.0
1764,-0.322375,-0.11895,0.0
1765,-0.32595,-0.118955,0.0
1766,-0.32922,-0.119255,0.0
1767,-0.332977,-0.119965,0.0
1768,-0.336858,-0.120356,0.0
1769,-0.340028,-0.121018,0.0
1770,-0.344386,-0.122305,0.0
1771,-0.347737,-0.123139,0.0
1772,-0.350348,-0.123715,0.0
1773,-0.353284,-0.124341,0.0
1774,-0.355951,-0.125168,0.0
1775,-0.357959,-0.125614,0.0
1776,-0.359865,-0.12566,0.0
1777,-0.36151,-0.125195,0.0
1778,-0.363311,-0.124799,0.0
1779,-0.366825,-0.124702,0.0
1780,-0.371925,-0.124402,0.0
1781,-0.377346,-0.123802,0.0
1782,-0.385278,-0.121928,0.0
1783,-0.396766,-0.120821,0.0
1784,-0.411371,-0.120677,0.0
1785,-0.431527,-0.121753,0.0
1786,-0.45814,-0.123974,0.0
1787,-0.497513,-0.12949,0.0
1788,-0.558646,-0.139987,0.0
1789,-0.638654,-0.151957,0.0
1790,-0.723283,-0.156461,0.0
1791,-0.808437,-0.158829,0.0
1792,-0.891592,-0.159666,0.0
1793,-0.975857,-0.161003,0.0
1794,-1.061493,-0.165051,0.0
1795,-1.146657,-0.169136,0.0
1796,-1.234972,-0.174781,0.0
1797,-1.318862,-0.182455,0.0
1798,-1.401912,-0.191194,0.0
1799,-1.484185,-0.201761,0.0
